{
  "case1": {
    "http_response_code": 200,
    "client_ref_num": "Vampire",
    "result_code": 101,
    "result": {
        "aadhaar_result": "Aadhaar Number XXXXXXXX6170 Exists!"
    }
  },
  "case2": {
    "http_response_code": 400,
    "client_ref_num": "Vampire",
    "error": "One or more parameters format is wrong"
  },
  "case3": {
    "http_response_code": 400,
    "client_ref_num": "Vampire",
    "error": "One or more parameters format is wrong"
  },
  "case4": {
    "http_response_code": 400,
    "client_ref_num": "Vampire",
    "error": "One or more parameters format is wrong"
  },
  "case5": {
    "http_response_code": 400,
    "client_ref_num": "Vampire",
    "error": "One or more parameters format is wrong"
  },
  "case6": {
    "http_response_code": 400,
    "client_ref_num": "Vampire",
    "error": "One or more parameters format is wrong"
  },
  "case7": {
    "http_response_code": 400,
    "client_ref_num": "Vampire",
    "error": "One or more parameters format is wrong"
  },
  "case8": {
    "http_response_code": 400,
    "client_ref_num": "Vampire",
    "error": "One or more parameters format is wrong"
  },
  "case9": {
    "http_response_code": 400,
    "client_ref_num": "Vampire",
    "error": "One or more parameters format is wrong"
  },
  "case10": {
    "http_response_code": 400,
    "client_ref_num": "Vampire",
    "error": "Invalid Aadhaar. Verhoeff check failed"
  },
  "case11": {
    "http_response_code": 200,
    "client_ref_num": "Vampire",
    "result_code": 103,
    "message": "No records found for the given Input"
  },
  "case12": {
    "http_response_code": 200,
    "client_ref_num": "Vampire",
    "result_code": 103,
    "message": "No records found for the given Input"
  },
  "case13": {
    "http_response_code": 200,
    "client_ref_num": "Vampire",
    "result_code": 102,
    "message": "Invalid Aadhaar"
  },
  "case14": {
    "http_response_code": 400,
    "client_ref_num": "Vampire",
    "error": "One or more parameters format is wrong"
  },
  "case15": {
    "http_response_code": 400,
    "client_ref_num": "Vampire",
    "error": "Invalid Aadhaar. Aadhaar cannot start with zero"
  },
  "case16": {
    "http_response_code": 400,
    "client_ref_num": "Vampire",
    "request_id": "fcdfd84b-b15e-11ef-b8a5-d114494c5c7b",
    "error": "Invalid Aadhaar. Verhoeff check failed"
  },
  "case17": {
    "http_response_code": 200,
    "client_ref_num": "Vampire",
    "request_id": "0576aeae-b15f-11ef-bd50-d114494c5c7b",
    "result_code": 102,
    "message": "Invalid Aadhaar"
  },
  "case18": {
    "http_response_code": 200,
    "client_ref_num": "Vampire",
    "result_code": 101,
    "result": {
        "aadhaar_result": "Aadhaar Number XXXXXXXX6170 Exists!"
    }
  },
  "case19": {
    "http_response_code": 400,
    "client_ref_num": "!@#$%",
    "error": "One or more parameters format is wrong"
  },
  "case20": {
    "http_response_code": 400,
    "client_ref_num": "",
    "error": "One or more parameters format is wrong"
  },
  "case21": {
    "http_response_code": 400,
    "client_ref_num": " ",
    "error": "One or more parameters format is wrong"
  },
  "case22": {
     "http_response_code": 400,
    "client_ref_num": "chandraprakashDchandraprakashDchandraprakashDchandraprakashDchandraprakashD",
    "error": "One or more parameters format is wrong"
  },
  "case23": {
    "http_response_code": 200,
    "client_ref_num": "chandraprakashDchandraprakashDchandraprakashD",
    "result_code": 101,
    "result": {
        "aadhaar_result": "Aadhaar Number XXXXXXXX6170 Exists!"
    }
  },
  "case24": {
    "http_response_code": 401,
    "client_ref_num": "Vampire",
    "error": "Client authentication failed"
  }
}